﻿<customizations>
  <PL_WPFDAF_PI>dobnyc_backflowpreventertype;dobnyc_backflowpreventerrpzfloor</PL_WPFDAF_PI>
  <PL_WPFDAF_EP>dobnyc_pumps_et;dobnyc_drinkingfountain_et;dobnyc_tanks_et;dobnyc_filters_et;dobnyc_boilers_et;dobnyc_boilertype</PL_WPFDAF_EP>
  <PL_WPFDAF_MSM></PL_WPFDAF_MSM>
  <PL_WPFDAF_WR></PL_WPFDAF_WR>
  <PL_WPFDAF_WSP></PL_WPFDAF_WSP>
  <PL_GWPDM_B>dobnyc_unitlocation_pl_b_hwh;dobnyc_numberofunits_pl_b_hwh;dobnyc_typeofunit_pl_b_hwh;dobnyc_floor_pl_b_hwh;dobnyc_providetotalinputcapacityinbtuh_b_hwh</PL_GWPDM_B>
  <PL_GWPDM_CGS>dobnyc_numberofunitscogensystems;dobnyc_fdnyutilityapprovals;dobnyc_floorcogensystems;dobnyc_fuelgastypecogensystems;dobnyc_fuelgasusecogensystems</PL_GWPDM_CGS>
  <PL_GWPDM_EA>dobnyc_dryers_ea;dobnyc_fireplace_ea;dobnyc_burners_ea;dobnyc_generator_ea;dobnyc_furance_ea;dobnyc_pl_gwpdm_ea_furnace</PL_GWPDM_EA>
  <PL_GWPDM_HWH>dobnyc_unitlocation_pl_b_hwh;dobnyc_numberofunits_pl_b_hwh;dobnyc_typeofunit_pl_b_hwh;dobnyc_floor_pl_b_hwh;dobnyc_providetotalinputcapacityinbtuh_b_hwh</PL_GWPDM_HWH>
  <PL_GWPDM_MOG>dobnyc_medicalothergas;dobnyc_medicalothergaslocatedat</PL_GWPDM_MOG>
  <PL_GWPDM_PTV></PL_GWPDM_PTV>
  <PL_GWPDM_RS>dobnyc_lowpressure_fgt;dobnyc_mediumpressure_fgt;dobnyc_commercial_cgu;dobnyc_residential_cgs;dobnyc_firesuppressionhood_fgu;dobnyc_heating_fgu;dobnyc_hotwater_fgu;dobnyc_otheralternativefireextinguisingsystem;dobnyc_metersnumber;dobnyc_meterslocatedat</PL_GWPDM_RS>
  <PL_SWDP_PTV></PL_SWDP_PTV>
  <PL_SWDP_PS>dobnyc_privatestorm;dobnyc_drywellworktype;dobnyc_stormsystems;dobnyc_stormsystemslocatedat</PL_SWDP_PS>
  <PL_SWDP_RDRS></PL_SWDP_RDRS>
  <PL_SWDP_SP>dobnyc_indoor_pt;dobnyc_outdoor_pt</PL_SWDP_SP>
  <PL_WSD_EA></PL_WSD_EA>
  <PL_WSD_PTV></PL_WSD_PTV>
  <PL_WSD_PD>dobnyc_psstype;dobnyc_privatedrainagelocation</PL_WSD_PD>
  <PL_WSD_RS></PL_WSD_RS>
  <PL_WSD_SS></PL_WSD_SS>
  <PL_SWDP_WRPFRA>dobnyc_describethereason_workpenetration</PL_SWDP_WRPFRA>
  <SP_ITSS_FESCS>dobnyc_sprinklersystem</SP_ITSS_FESCS>
  <SP_ITSS_TYPE></SP_ITSS_TYPE>
  <SP_ITSS_HT>dobnyc_hazardtype;dobnyc_sprinklersystem</SP_ITSS_HT>
  <SP_ITSS_ST>dobnyc_systemtype;dobnyc_sprinklersystem</SP_ITSS_ST>
  <SP_ITSS_WS>dobnyc_rpz_wm;dobnyc_ddcv_wm;dobnyc_fdc_sp_two_optionset;dobnyc_tank;dobnyc_sprinklersystem</SP_ITSS_WS>
  <SP_SBS_PS>dobnyc_typeofpumps</SP_SBS_PS>
  <SP_SBS_SP>dobnyc_standardsprinklerhead;dobnyc_extendedcoveragehead</SP_SBS_SP>
  <SP_SBS_SM>dobnyc_typeofsprinklersystem_sm</SP_SBS_SM>
  <SP_SWCBAP_DP>dobnyc_risercontrolvalve;dobnyc_risersandbranches</SP_SWCBAP_DP>
  <SP_SWCBAP_EP>dobnyc_drypumpvalve;dobnyc_boosterpump;dobnyc_firepump;dobnyc_specialservicepump</SP_SWCBAP_EP>
  <SP_SWCBAP_FDC></SP_SWCBAP_FDC>
  <SP_SWCBAP_PS></SP_SWCBAP_PS>
  <SP_SWCBAP_SH>dobnyc_descriptionsbs</SP_SWCBAP_SH>
  <SP_SWCBAP_ST></SP_SWCBAP_ST>
  <SP_SWCBAP_WM></SP_SWCBAP_WM>
  <SP_SWCBAP_WRPFRA>dobnyc_workrequirespenetrationoffirerated;dobnyc_describethereason_workpenetration</SP_SWCBAP_WRPFRA>
  <SD_SDP_SP>dobnyc_floor_pl_b_hwh;dobnyc_numberofunits_pl_b_hwh;dobnyc_typeofunit_pl_b_hwh</SD_SDP_SP>
  <SD_SDP_TAPS>dobnyc_floor_pl_b_hwh;dobnyc_numberofunits_pl_b_hwh;dobnyc_typeofunit_pl_b_hwh</SD_SDP_TAPS>
  <SD_SDP_SFDC>dobnyc_floor_pl_b_hwh;dobnyc_numberofunits_pl_b_hwh;dobnyc_typeofunit_pl_b_hwh</SD_SDP_SFDC>
  <SD_SDP_HCRV>dobnyc_floor_pl_b_hwh;dobnyc_numberofunits_pl_b_hwh;dobnyc_typeofunit_pl_b_hwh</SD_SDP_HCRV>
  <SD_SDP_FRCV>dobnyc_floor_pl_b_hwh;dobnyc_numberofunits_pl_b_hwh;dobnyc_typeofunit_pl_b_hwh</SD_SDP_FRCV>
  <SD_SDP_SSFP>dobnyc_floor_pl_b_hwh;dobnyc_numberofunits_pl_b_hwh;dobnyc_typeofunit_pl_b_hwh</SD_SDP_SSFP>
  <SD_SDP_FP>dobnyc_floor_pl_b_hwh;dobnyc_numberofunits_pl_b_hwh;dobnyc_typeofunit_pl_b_hwh</SD_SDP_FP>
</customizations>